date;time;type;amount;nameOrig;nameDest;isFlaggedFraud
6-10-2019;08:50:29;TRANSFER;5635.6;C154988899;C1231006815;0
6-10-2019;10:08:51;TRANSFER;5264.43;C249177573;C1231006815;0
6-10-2019;14:40:06;TRANSFER;3821.75;C90045638;C154988899;0
6-10-2019;14:42:44;TRANSFER;4920.42;C90045638;C1231006815;0
6-10-2019;06:00:19;TRANSFER;2204.04;C90045638;C154988899;0
6-10-2019;06:05:53;TRANSFER;300000;C1231006815;C761750706;1
6-10-2019;06:11:31;TRANSFER;11668.14;C905080434;C712410124;0
6-10-2019;06:29:33;TRANSFER;2599.46;C90045638;C840083671;0
6-10-2019;06:41:24;TRANSFER;7823.46;C1231006815;C905080434;0
6-10-2019;06:44:00;TRANSFER;581294.26;C905080434;C761750706;0
6-10-2019;06:46:08;TRANSFER;8.73;C90045638;C90045638;0
6-10-2019;06:51:50;TRANSFER;5885.56;C1237762639;C1237762639;0
6-10-2019;06:52:03;TRANSFER;3099.97;C1716932897;C1900366749;0
6-10-2019;06:55:12;TRANSFER;9920.52;C1666544295;C249177573;0
6-10-2019;07:09:38;CASH_OUT;47458.86;C1900366749;N/A;0
6-10-2019;07:15:34;TRANSFER;4874.49;C1716932897;C712410124;0
6-10-2019;07:20:45;TRANSFER;3448.92;C154988899;C1900366749;0
6-10-2019;07:25:15;TRANSFER;25.12;C1912850431;C1716932897;0
6-10-2019;07:33:07;TRANSFER;4024.36;C2048537720;C1912850431;0
6-10-2019;07:41:15;TRANSFER;367768.4;C905080434;C761750706;0
6-10-2019;07:50:55;TRANSFER;2875.1;C249177573;C712410124;0
6-10-2019;07:54:39;TRANSFER;710544.77;C1237762639;C1648232591;0
6-10-2019;08:01:31;TRANSFER;4316.2;C249177573;C1648232591;0
6-10-2019;08:06:55;TRANSFER;11633.76;C90045638;C712410124;0
6-10-2019;08:09:32;TRANSFER;1563.82;C1900366749;C1716932897;0
6-10-2019;08:15:15;TRANSFER;9644.94;C761750706;C761750706;0
6-10-2019;08:18:29;TRANSFER;1684.81;C1231006815;C249177573;0
6-10-2019;08:19:45;TRANSFER;5086.48;C905080434;C1237762639;0
6-10-2019;08:20:04;TRANSFER;5307.88;C2048537720;C761750706;0
6-10-2019;08:23:36;TRANSFER;7861.64;C712410124;C1026483832;0
6-10-2019;08:33:03;TRANSFER;5337.77;C1912850431;C761750706;0
6-10-2019;08:34:53;TRANSFER;3295.19;C761750706;C1912850431;0
6-10-2019;08:35:40;CASH_OUT;110414.71;C1231006815;N/A;0
6-10-2019;08:39:05;CASH_OUT;82685.93;C1900366749;N/A;0
6-10-2019;08:39:36;TRANSFER;17231.46;C1716932897;C1237762639;0
6-10-2019;08:40:06;CASH_OUT;267148.82;C1231006815;N/A;0
6-10-2019;08:40:42;CASH_OUT;139054.95;C1231006815;N/A;0
6-10-2019;08:54:44;TRANSFER;2791.42;C1666544295;C1912850431;0
6-10-2019;08:56:05;TRANSFER;5281.48;C840083671;C761750706;0
6-10-2019;09:05:53;TRANSFER;100000;C1231006815;C761750706;1
6-10-2019;09:18:09;CASH_OUT;335416.51;C90045638;N/A;0
6-10-2019;09:29:03;TRANSFER;7107.77;C154988899;C90045638;0
6-10-2019;09:40:29;TRANSFER;5529.13;C90045638;C840083671;0
6-10-2019;09:52:19;TRANSFER;864.68;C1026483832;C1716932897;0
6-10-2019;09:54:33;TRANSFER;7413.54;C1912850431;C1666544295;0
6-10-2019;09:55:29;TRANSFER;224606.64;C1026483832;C2048537720;0
6-10-2019;09:55:44;CASH_OUT;169409.87;C1912850431;N/A;0
6-10-2019;09:58:00;CASH_OUT;50101.88;C1026483832;N/A;0
6-10-2019;10:06:37;CASH_OUT;281339.92;C840083671;N/A;0
6-10-2019;10:12:44;CASH_OUT;94253.33;C1912850431;N/A;0
6-10-2019;10:15:53;TRANSFER;100000;C1231006815;C761750706;1
6-10-2019;10:25:36;TRANSFER;209711.11;C905080434;C840083671;0
6-10-2019;10:25:45;CASH_OUT;154716.2;C1026483832;N/A;0
6-10-2019;10:34:40;TRANSFER;2970.97;C1265012928;C840083671;0
6-10-2019;10:48:44;TRANSFER;1065.41;C2048537720;C1648232591;0
6-10-2019;10:50:07;TRANSFER;554026.99;C1237762639;C761750706;0
6-10-2019;10:55:58;CASH_OUT;136872.92;C712410124;N/A;0
6-10-2019;10:57:56;TRANSFER;215310.3;C1900366749;C1231006815;0
6-10-2019;11:04:36;TRANSFER;1876.44;C1026483832;C154988899;0
6-10-2019;11:05:53;TRANSFER;100000;C1231006815;C761750706;1
6-10-2019;11:10:12;TRANSFER;38.66;C1716932897;C1305486145;0
6-10-2019;11:12:38;TRANSFER;8901.99;C1237762639;C1265012928;0
6-10-2019;11:14:30;CASH_OUT;56953.9;C1231006815;N/A;0
6-10-2019;11:24:51;CASH_OUT;419801.4;C905080434;N/A;0
6-10-2019;11:27:19;TRANSFER;5392.75;C1026483832;C90045638;0
6-10-2019;11:36:47;TRANSFER;7292.16;C1265012928;C1648232591;0
6-10-2019;11:37:06;TRANSFER;62610.8;C905080434;C1265012928;0
6-10-2019;11:38:05;TRANSFER;125872.53;C840083671;C1265012928;0
6-10-2019;11:43:13;CASH_OUT;154139.72;C1026483832;N/A;0
6-10-2019;11:48:53;TRANSFER;4206.84;C1237762639;C1648232591;0
6-10-2019;11:50:46;TRANSFER;4910.14;C154988899;C905080434;0
6-10-2019;11:58:26;TRANSFER;11996.58;C1900366749;C1900366749;0
6-10-2019;12:00:26;TRANSFER;177652.91;C249177573;C761750706;0
6-10-2019;12:11:37;TRANSFER;8586.98;C1237762639;C1237762639;0
6-10-2019;12:13:59;TRANSFER;5031.22;C1666544295;C1237762639;0
6-10-2019;12:28:07;TRANSFER;1373.43;C1666544295;C1305486145;0
6-10-2019;12:28:53;TRANSFER;100000;C1231006815;C761750706;1
6-10-2019;12:28:54;TRANSFER;671.64;C2048537720;C1305486145;0
6-10-2019;12:30:43;TRANSFER;1175.59;C840083671;C154988899;0
6-10-2019;12:31:13;TRANSFER;871.75;C1716932897;C712410124;0
6-10-2019;12:41:26;CASH_OUT;75405.1;C1026483832;N/A;0
6-10-2019;12:44:26;TRANSFER;4510.22;C249177573;C154988899;0
6-10-2019;12:46:34;TRANSFER;5758.59;C1900366749;C1666544295;0
6-10-2019;12:48:22;TRANSFER;8550.9;C905080434;C154988899;0
6-10-2019;12:50:53;TRANSFER;147543.1;C1026483832;C1231006815;0
6-10-2019;12:54:34;TRANSFER;4098.78;C1231006815;C2048537720;0
6-10-2019;12:55:57;TRANSFER;9164.71;C90045638;C1231006815;0
6-10-2019;13:01:59;TRANSFER;8009.09;C90045638;C2048537720;0
6-10-2019;13:04:49;TRANSFER;3875.99;C1026483832;C840083671;0
6-10-2019;13:19:20;TRANSFER;6165.58;C1026483832;C2048537720;0
6-10-2019;13:19:41;TRANSFER;1864.28;C2048537720;C1912850431;0
6-10-2019;13:20:30;CASH_OUT;82940.31;C154988899;N/A;0
6-10-2019;13:25:02;TRANSFER;8603.42;C1666544295;C840083671;0
6-10-2019;13:27:27;CASH_OUT;229133.94;C1666544295;N/A;0
6-10-2019;13:30:23;TRANSFER;184986.8;C840083671;C712410124;0
6-10-2019;13:33:10;TRANSFER;78766.03;C840083671;C1265012928;0
6-10-2019;13:44:31;TRANSFER;661.43;C249177573;C1237762639;0
6-10-2019;13:50:52;TRANSFER;1019.9;C905080434;C840083671;0
6-10-2019;13:51:17;TRANSFER;5149.66;C1900366749;C712410124;0
6-10-2019;13:53:04;TRANSFER;2131.84;C712410124;C1648232591;0
6-10-2019;13:55:01;TRANSFER;6061.13;C1026483832;C1666544295;0
6-10-2019;13:55:14;TRANSFER;7817.71;C1265012928;C1912850431;0
6-10-2019;14:02:55;TRANSFER;311685.89;C1716932897;C905080434;0
6-10-2019;14:12:22;TRANSFER;2998.04;C905080434;C1666544295;0
6-10-2019;14:27:59;TRANSFER;2330.64;C1237762639;C249177573;0
6-10-2019;14:33:27;TRANSFER;1614.64;C761750706;C712410124;0
6-10-2019;14:38:30;TRANSFER;3026.98;C1026483832;C154988899;0
6-10-2019;14:55:33;TRANSFER;9839.64;C1648232591;C90045638;0
6-10-2019;14:59:04;CASH_OUT;181.00;C1666544295;N/A;0
6-10-2019;16:05:53;TRANSFER;100000;C1231006815;C761750706;1
7-10-2019;06:00:41;TRANSFER;11348.71;C905080434;C1305486145;0
7-10-2019;06:01:17;TRANSFER;983479.66;C2048537720;C1648232591;0
7-10-2019;06:01:26;CASH_IN;152823.85;N/A;C1666544295;0
7-10-2019;06:02:49;TRANSFER;1349670.68;C1026483832;C761750706;0
7-10-2019;06:05:04;CASH_IN;6287.28;N/A;C1716932897;0
7-10-2019;06:06:13;TRANSFER;18781.84;C1912850431;C1900366749;0
7-10-2019;06:09:55;TRANSFER;3417.18;C1026483832;C761750706;0
7-10-2019;06:10:28;TRANSFER;6660.33;C1265012928;C1305486145;0
7-10-2019;06:14:32;CASH_OUT;500;C1900366749;N/A;1
7-10-2019;06:17:21;TRANSFER;635507.97;C2048537720;C1648232591;0
7-10-2019;06:21:58;TRANSFER;664.35;C1666544295;C154988899;0
7-10-2019;06:24:17;CASH_IN;311023.52;N/A;C1666544295;0
7-10-2019;06:26:09;TRANSFER;9006.78;C1912850431;C1912850431;0
7-10-2019;06:27:25;CASH_IN;235564.81;N/A;C1716932897;0
7-10-2019;06:34:03;TRANSFER;982862.81;C761750706;C1231006815;0
7-10-2019;06:35:29;TRANSFER;75442.68;C1265012928;C761750706;0
7-10-2019;06:40:44;TRANSFER;7600.57;C1026483832;C1026483832;0
7-10-2019;06:45:19;CASH_OUT;252908.87;C1231006815;N/A;0
7-10-2019;06:45:38;CASH_IN;345347.7;N/A;C1912850431;0
7-10-2019;06:47:05;CASH_OUT;215338.28;C840083671;N/A;0
7-10-2019;06:49:21;TRANSFER;7344.92;C1026483832;C840083671;0
7-10-2019;06:53:45;TRANSFER;100677.86;C1231006815;C1900366749;0
7-10-2019;06:55:56;TRANSFER;3455.85;C154988899;C154988899;0
7-10-2019;06:59:47;CASH_OUT;210370.09;C1305486145;N/A;0
7-10-2019;07:02:58;CASH_IN;228451.89;N/A;C761750706;0
7-10-2019;07:04:06;CASH_IN;146331.12;N/A;C1666544295;0
7-10-2019;07:06:16;CASH_IN;8679.13;N/A;C154988899;0
7-10-2019;07:06:37;TRANSFER;8364.73;C1026483832;C2048537720;0
7-10-2019;07:08:46;CASH_OUT;271002.7;C1231006815;N/A;0
7-10-2019;07:09:34;CASH_OUT;500;C1900366749;N/A;1
7-10-2019;07:14:52;TRANSFER;2278.19;C90045638;C154988899;0
7-10-2019;07:16:34;TRANSFER;14420.66;C1237762639;C1666544295;0
7-10-2019;07:17:33;CASH_IN;2643.45;N/A;C1237762639;0
7-10-2019;07:22:45;TRANSFER;2734.77;C905080434;C2048537720;0
7-10-2019;07:23:14;TRANSFER;6099.96;C1666544295;C761750706;0
7-10-2019;07:28:59;CASH_IN;220431.09;N/A;C1666544295;0
7-10-2019;07:30:48;CASH_IN;24936.34;N/A;C1305486145;0
7-10-2019;07:30:55;TRANSFER;15785.85;C1026483832;C1648232591;0
7-10-2019;07:34:26;TRANSFER;507.12;C2048537720;C90045638;0
7-10-2019;07:34:46;CASH_IN;144366.64;N/A;C1237762639;0
7-10-2019;07:36:31;CASH_OUT;365510.05;C1026483832;N/A;0
7-10-2019;07:37:21;CASH_OUT;373068.26;C1237762639;N/A;0
7-10-2019;07:38:04;TRANSFER;928722.69;C1237762639;C1900366749;0
7-10-2019;07:40:28;CASH_OUT;12401.9;C712410124;N/A;0
7-10-2019;07:46:36;CASH_IN;349505.89;N/A;C1231006815;0
7-10-2019;08:02:12;CASH_OUT;2806.00;C1305486145;N/A;1
7-10-2019;08:05:25;CASH_OUT;691738.36;C1305486145;N/A;0
7-10-2019;08:06:48;TRANSFER;4802.31;C154988899;C1912850431;0
7-10-2019;08:07:56;TRANSFER;584.52;C905080434;C249177573;0
7-10-2019;08:16:07;TRANSFER;2806.00;C249177573;C154988899;1
7-10-2019;08:17:37;TRANSFER;5320.1;C1265012928;C840083671;0
7-10-2019;08:23:56;CASH_OUT;500;C1900366749;N/A;1
7-10-2019;08:25:36;TRANSFER;2773.61;C2048537720;C1026483832;0
7-10-2019;08:29:09;CASH_OUT;151829.91;C249177573;N/A;0
7-10-2019;08:30:09;TRANSFER;6666.78;C2048537720;C1237762639;0
7-10-2019;08:30:31;TRANSFER;6737.2;C905080434;C90045638;0
7-10-2019;08:31:05;TRANSFER;179253.24;C1912850431;C1666544295;0
7-10-2019;08:31:44;CASH_OUT;500;C1900366749;N/A;1
7-10-2019;08:33:09;CASH_IN;106847.36;N/A;C1237762639;0
7-10-2019;08:33:12;TRANSFER;739112.93;C1026483832;C840083671;0
7-10-2019;08:37:28;TRANSFER;80333.28;C1026483832;C761750706;0
7-10-2019;08:39:45;TRANSFER;4059.25;C712410124;C154988899;0
7-10-2019;08:42:47;TRANSFER;5946.79;C1231006815;C1716932897;0
7-10-2019;08:42:52;CASH_OUT;338767.1;C1026483832;N/A;0
7-10-2019;08:43:39;TRANSFER;5446.88;C905080434;C1265012928;0
7-10-2019;08:45:40;CASH_OUT;106267.21;C1716932897;N/A;0
7-10-2019;08:46:24;TRANSFER;1123206.66;C1912850431;C154988899;1
7-10-2019;08:47:11;TRANSFER;3020.86;C1305486145;C1237762639;0
7-10-2019;08:49:56;CASH_IN;22384.21;N/A;C154988899;0
7-10-2019;08:50:27;TRANSFER;3428.95;C905080434;C712410124;0
7-10-2019;08:53:09;CASH_IN;75043.17;N/A;C905080434;0
7-10-2019;08:58:06;CASH_IN;193161.04;N/A;C1237762639;0
7-10-2019;09:04:10;TRANSFER;1457213.54;C1305486145;C761750706;1
7-10-2019;09:05:52;TRANSFER;2610.01;C1716932897;C761750706;0
7-10-2019;09:15:02;TRANSFER;1553.21;C905080434;C1265012928;0
7-10-2019;09:15:54;CASH_IN;764772.98;N/A;C1026483832;0
7-10-2019;09:16:07;CASH_IN;25090.03;N/A;C1305486145;0
7-10-2019;09:18:26;CASH_OUT;114712.48;C1912850431;N/A;0
7-10-2019;09:18:41;TRANSFER;1538200.39;C840083671;C2048537720;1
7-10-2019;09:28:10;CASH_OUT;191702.06;C249177573;N/A;0
7-10-2019;09:29:53;CASH_IN;151862.38;N/A;C1648232591;0
7-10-2019;09:30:26;CASH_OUT;82691.56;C840083671;N/A;0
7-10-2019;09:30:41;TRANSFER;8948.03;C905080434;C1912850431;0
7-10-2019;09:34:25;CASH_OUT;296752.75;C1026483832;N/A;0
7-10-2019;09:35:27;TRANSFER;6297.71;C2048537720;C712410124;0
7-10-2019;09:36:00;TRANSFER;7771.4;C1026483832;C1026483832;0
7-10-2019;09:38:13;TRANSFER;12121.5;C1305486145;C1912850431;0
7-10-2019;09:38:23;TRANSFER;8491.9;C2048537720;C1231006815;0
7-10-2019;09:39:14;TRANSFER;26923.42;C840083671;C1716932897;0
7-10-2019;09:40:22;CASH_OUT;51121.05;C1026483832;N/A;0
7-10-2019;09:40:59;CASH_OUT;500;C1900366749;N/A;1
7-10-2019;09:43:03;TRANSFER;1460.63;C1231006815;C1666544295;0
7-10-2019;09:47:20;TRANSFER;106.81;C1265012928;C154988899;0
7-10-2019;09:49:16;CASH_OUT;61159.51;C1666544295;N/A;0
7-10-2019;09:49:46;CASH_IN;231881.5;N/A;C1666544295;0
7-10-2019;09:53:01;CASH_IN;54988.56;N/A;C154988899;0
7-10-2019;09:53:06;TRANSFER;438437.09;C1026483832;C1716932897;0
7-10-2019;09:53:19;TRANSFER;648.64;C1237762639;C1026483832;0
7-10-2019;10:00:18;CASH_OUT;500;C1900366749;N/A;1
7-10-2019;10:05:46;TRANSFER;5812.36;C1231006815;C1716932897;0
7-10-2019;10:06:43;TRANSFER;157883.07;C840083671;C905080434;0
7-10-2019;10:08:16;CASH_IN;127954.7;N/A;C905080434;0
7-10-2019;10:16:56;TRANSFER;6598.71;C1666544295;C154988899;0
7-10-2019;10:22:54;CASH_IN;248196.92;N/A;C1900366749;0
7-10-2019;10:24:00;TRANSFER;6536.86;C1231006815;C154988899;0
7-10-2019;10:28:42;TRANSFER;9686.85;C1305486145;C1716932897;0
7-10-2019;10:40:43;CASH_IN;217615.09;N/A;C2048537720;0
7-10-2019;10:42:28;TRANSFER;3930.81;C905080434;C1716932897;0
7-10-2019;10:43:33;TRANSFER;445038.71;C840083671;C1305486145;0
7-10-2019;10:44:31;CASH_IN;62871.06;N/A;C1237762639;0
7-10-2019;10:46:31;TRANSFER;4493.29;C905080434;C1265012928;0
7-10-2019;10:47:30;CASH_IN;313373.56;N/A;C712410124;0
7-10-2019;10:47:50;CASH_IN;355500.25;N/A;C2048537720;0
7-10-2019;10:48:39;TRANSFER;4565.14;C712410124;C1666544295;0
7-10-2019;10:52:17;TRANSFER;55536.86;C1666544295;C90045638;0
7-10-2019;10:55:55;CASH_OUT;190445.51;C840083671;N/A;0
7-10-2019;10:59:39;CASH_OUT;262392.36;C1716932897;N/A;0
7-10-2019;11:01:59;TRANSFER;3896.42;C1305486145;C1265012928;0
7-10-2019;11:02:39;CASH_OUT;58820.08;C1716932897;N/A;0
7-10-2019;11:09:55;TRANSFER;10265.17;C1231006815;C1912850431;0
7-10-2019;11:12:08;TRANSFER;3007.83;C1305486145;C1912850431;0
7-10-2019;11:13:11;CASH_IN;232953.64;N/A;C154988899;0
7-10-2019;11:15:12;CASH_OUT;32702.61;C840083671;N/A;0
7-10-2019;11:16:17;TRANSFER;955855.00;C905080434;C1648232591;0
7-10-2019;11:16:32;TRANSFER;1393.46;C2048537720;C1900366749;0
7-10-2019;11:26:55;TRANSFER;749.34;C1305486145;C154988899;0
7-10-2019;11:29:49;TRANSFER;161217.61;C905080434;C840083671;0
7-10-2019;11:31:54;CASH_OUT;10782.94;C1026483832;N/A;0
7-10-2019;11:34:54;CASH_IN;32325.24;N/A;C1265012928;0
7-10-2019;11:37:43;CASH_OUT;116977.58;C1305486145;N/A;0
7-10-2019;11:39:48;CASH_IN;221693.08;N/A;C1648232591;0
7-10-2019;11:44:31;CASH_IN;222711.47;N/A;C761750706;0
7-10-2019;11:44:44;TRANSFER;522264.81;C712410124;C1716932897;0
7-10-2019;11:45:26;CASH_OUT;323105.08;C90045638;N/A;0
7-10-2019;11:45:33;CASH_OUT;500;C1900366749;N/A;1
7-10-2019;11:53:11;TRANSFER;848231.57;C1900366749;C712410124;0
7-10-2019;11:53:16;CASH_IN;106634.77;N/A;C1237762639;0
7-10-2019;11:55:56;TRANSFER;211075.91;C1265012928;C761750706;0
7-10-2019;11:58:08;TRANSFER;1267.97;C1666544295;C90045638;0
7-10-2019;11:58:25;TRANSFER;4497.87;C712410124;C2048537720;0
7-10-2019;11:59:29;TRANSFER;480222.51;C1666544295;C1716932897;0
7-10-2019;12:02:11;CASH_OUT;65521.42;C1265012928;N/A;0
7-10-2019;12:03:23;CASH_IN;182861.45;N/A;C1716932897;0
7-10-2019;12:04:23;TRANSFER;2340.34;C1666544295;C1265012928;0
7-10-2019;12:07:06;TRANSFER;1084.9;C905080434;C2048537720;0
7-10-2019;12:15:02;CASH_IN;142577.44;N/A;C2048537720;0
7-10-2019;12:16:16;TRANSFER;4419.04;C1231006815;C905080434;0
7-10-2019;12:18:48;CASH_OUT;118235.16;C1716932897;N/A;0
7-10-2019;12:21:13;TRANSFER;7265.63;C1265012928;C712410124;0
7-10-2019;12:24:36;CASH_OUT;171508.59;C761750706;N/A;0
7-10-2019;12:25:17;CASH_IN;5763.99;N/A;C1231006815;0
7-10-2019;12:26:31;CASH_OUT;500;C1900366749;N/A;1
7-10-2019;12:27:51;TRANSFER;2803.83;C1305486145;C249177573;0
7-10-2019;12:33:19;TRANSFER;4270.02;C2048537720;C90045638;0
7-10-2019;12:33:24;CASH_IN;206097.65;N/A;C712410124;0
7-10-2019;12:33:37;TRANSFER;3584.21;C1666544295;C712410124;0
7-10-2019;12:37:29;TRANSFER;5491.5;C1666544295;C154988899;0
7-10-2019;12:39:27;CASH_IN;355294.5;N/A;C154988899;0
7-10-2019;12:44:34;TRANSFER;9029.12;C1305486145;C1648232591;0
7-10-2019;12:48:12;TRANSFER;1795.67;C712410124;C1666544295;0
7-10-2019;12:53:02;CASH_OUT;500;C1900366749;N/A;1
7-10-2019;12:56:04;TRANSFER;6675.34;C1026483832;C1237762639;0
7-10-2019;12:58:27;TRANSFER;2061082.82;C1231006815;C1900366749;1
7-10-2019;13:00:37;CASH_OUT;36437.06;C840083671;N/A;0
7-10-2019;13:01:32;TRANSFER;2946.38;C90045638;C1716932897;0
7-10-2019;13:03:10;CASH_IN;154160.82;N/A;C1305486145;0
7-10-2019;13:03:32;TRANSFER;12872.92;C1305486145;C1666544295;0
7-10-2019;13:06:13;TRANSFER;3666.42;C90045638;C2048537720;0
7-10-2019;13:06:22;TRANSFER;5507.18;C1305486145;C905080434;0
7-10-2019;13:10:13;CASH_IN;12336.48;N/A;C1237762639;0
7-10-2019;13:10:35;TRANSFER;4635.18;C1231006815;C249177573;0
7-10-2019;13:17:28;TRANSFER;4304.58;C1305486145;C1026483832;0
7-10-2019;13:19:34;CASH_IN;18851.44;N/A;C249177573;0
7-10-2019;13:19:44;CASH_IN;193492.68;N/A;C1237762639;0
7-10-2019;13:22:32;TRANSFER;2057.71;C249177573;C1231006815;0
7-10-2019;13:23:06;TRANSFER;2130.3;C761750706;C1026483832;0
7-10-2019;13:26:26;CASH_IN;277807.48;N/A;C1900366749;0
7-10-2019;13:31:53;TRANSFER;1478772.04;C1026483832;C1900366749;1
7-10-2019;13:31:53;CASH_IN;143236.26;N/A;C1231006815;0
7-10-2019;13:36:47;TRANSFER;5580.98;C761750706;C249177573;0
7-10-2019;13:38:38;TRANSFER;176334.26;C1912850431;C1305486145;0
7-10-2019;13:38:42;CASH_OUT;105979.34;C249177573;N/A;0
7-10-2019;13:39:23;CASH_OUT;498960.91;C1716932897;N/A;0
7-10-2019;13:44:39;TRANSFER;365.00;C249177573;C154988899;0
7-10-2019;13:45:57;CASH_IN;349640.51;N/A;C1900366749;0
7-10-2019;13:48:23;CASH_IN;6915.38;N/A;C90045638;0
7-10-2019;13:48:26;CASH_OUT;26004.52;C761750706;N/A;0
7-10-2019;13:50:36;TRANSFER;123179.97;C1716932897;C1900366749;0
7-10-2019;13:53:26;CASH_OUT;410201.89;C712410124;N/A;0
7-10-2019;13:55:00;TRANSFER;3199.06;C1666544295;C1648232591;0
7-10-2019;13:55:19;CASH_IN;162665.98;N/A;C2048537720;0
7-10-2019;13:55:19;TRANSFER;5237.54;C1026483832;C1305486145;0
7-10-2019;13:56:04;TRANSFER;3852.64;C1900366749;C1900366749;0
7-10-2019;13:59:58;TRANSFER;3823.08;C1716932897;C1716932897;0
7-10-2019;14:02:04;CASH_IN;234094.24;N/A;C1666544295;0
7-10-2019;14:03:17;TRANSFER;2397.82;C840083671;C1265012928;0
7-10-2019;14:05:13;TRANSFER;180368.84;C1026483832;C1912850431;0
7-10-2019;14:05:43;TRANSFER;4843.93;C905080434;C1912850431;0
7-10-2019;14:06:01;TRANSFER;36349.35;C1716932897;C1648232591;0
7-10-2019;14:08:17;TRANSFER;2054.84;C2048537720;C1265012928;0
7-10-2019;14:10:18;CASH_IN;285185.34;N/A;C1265012928;0
7-10-2019;14:16:42;TRANSFER;1824.59;C90045638;C1666544295;0
7-10-2019;14:17:22;CASH_OUT;73464.06;C1231006815;N/A;0
7-10-2019;14:19:33;CASH_IN;84980.31;N/A;C2048537720;0
7-10-2019;14:19:57;CASH_IN;27070.11;N/A;C90045638;0
7-10-2019;14:20:21;TRANSFER;4088.21;C2048537720;C1231006815;0
7-10-2019;14:25:56;TRANSFER;314403.14;C905080434;C1231006815;0
7-10-2019;14:29:15;TRANSFER;13310.78;C154988899;C1265012928;0
7-10-2019;14:30:54;TRANSFER;9014.95;C840083671;C905080434;0
7-10-2019;14:31:44;TRANSFER;2867.14;C90045638;C1648232591;0
7-10-2019;14:35:44;TRANSFER;9456.69;C1305486145;C1231006815;0
7-10-2019;14:36:34;CASH_IN;228710.05;N/A;C249177573;0
7-10-2019;14:39:27;CASH_IN;132953.45;N/A;C1237762639;0
7-10-2019;14:40:20;CASH_IN;10844.33;N/A;C1912850431;0
7-10-2019;14:50:40;CASH_OUT;500;C1900366749;N/A;1
7-10-2019;15:10:00;TRANSFER;1000.00;C1231006815;C1900366749;1
7-10-2019;15:11:00;TRANSFER;1000.00;C1231006815;C1900366749;1
7-10-2019;15:15:27;TRANSFER;1000.00;C1231006815;C1900366749;1
7-10-2019;16:17:37;TRANSFER;1000.00;C1231006815;C1900366749;1
7-10-2019;16:45:10;TRANSFER;1000.00;C1231006815;C1900366749;1
8-10-2019;06:04:40;TRANSFER;4402.86;C1237762639;C1265012928;0
8-10-2019;06:06:52;TRANSFER;4749.6;C905080434;C2048537720;0
8-10-2019;06:18:17;CASH_OUT;562903.81;C2048537720;N/A;0
8-10-2019;06:20:27;TRANSFER;3486.78;C249177573;C90045638;0
8-10-2019;06:26:15;TRANSFER;13465.91;C90045638;C154988899;0
8-10-2019;06:27:07;TRANSFER;2528.1;C90045638;C154988899;0
8-10-2019;06:29:17;TRANSFER;5882.32;C1716932897;C905080434;0
8-10-2019;06:32:53;TRANSFER;6460.86;C840083671;C2048537720;0
8-10-2019;06:33:01;TRANSFER;21530.96;C1237762639;C2048537720;0
8-10-2019;06:42:30;TRANSFER;624.61;C840083671;C154988899;0
8-10-2019;06:53:53;TRANSFER;1456.09;C90045638;C1648232591;0
8-10-2019;06:56:20;CASH_IN;223123.71;N/A;C90045638;0
8-10-2019;07:12:28;TRANSFER;2231.28;C1666544295;C1900366749;0
8-10-2019;07:13:24;CASH_IN;98560.08;N/A;C1305486145;0
8-10-2019;07:27:46;CASH_IN;246816.65;N/A;C1716932897;0
8-10-2019;07:28:17;TRANSFER;9491.89;C1912850431;C1912850431;0
8-10-2019;07:33:33;CASH_IN;222126.95;N/A;C154988899;0
8-10-2019;07:35:25;TRANSFER;6049.09;C1716932897;C2048537720;0
8-10-2019;07:44:58;TRANSFER;58.21;C249177573;C1305486145;0
8-10-2019;08:06:11;TRANSFER;2426.31;C1237762639;C905080434;0
8-10-2019;08:15:28;TRANSFER;6057.8;C1026483832;C1265012928;0
8-10-2019;08:27:55;CASH_IN;336827.91;N/A;C1231006815;0
8-10-2019;08:39:17;TRANSFER;1298.7;C1716932897;C1648232591;0
8-10-2019;08:45:08;CASH_IN;7322.98;N/A;C1900366749;0
8-10-2019;08:45:45;TRANSFER;2858.89;C1716932897;C1237762639;0
8-10-2019;08:48:47;TRANSFER;3605.26;C1900366749;C1265012928;0
8-10-2019;08:51:31;CASH_IN;314134.01;N/A;C712410124;0
8-10-2019;08:52:52;CASH_IN;1271.77;N/A;C840083671;0
8-10-2019;08:58:45;TRANSFER;5110.1;C905080434;C2048537720;0
8-10-2019;08:59:22;CASH_IN;230021.01;N/A;C1231006815;0
8-10-2019;09:10:51;CASH_IN;196725.32;N/A;C154988899;0
8-10-2019;09:11:44;TRANSFER;19561.05;C1666544295;C154988899;0
8-10-2019;09:22:32;CASH_IN;24470.43;N/A;C90045638;0
8-10-2019;09:26:16;CASH_IN;9577.45;N/A;C1648232591;0
8-10-2019;09:27:33;CASH_IN;219220.21;N/A;C249177573;0
8-10-2019;09:37:08;CASH_IN;10266.7;N/A;C154988899;0
8-10-2019;09:47:33;CASH_IN;29467.02;N/A;C1716932897;0
8-10-2019;09:57:14;CASH_IN;15054.61;N/A;C1912850431;0
8-10-2019;09:59:33;TRANSFER;7649.41;C249177573;C154988899;0
8-10-2019;10:01:12;TRANSFER;32643.79;C1648232591;C840083671;0
8-10-2019;10:06:23;CASH_IN;148834.28;N/A;C905080434;0
8-10-2019;10:12:35;CASH_OUT;147804.02;C1666544295;N/A;0
8-10-2019;10:14:19;TRANSFER;4932.54;C1231006815;C761750706;0
8-10-2019;10:14:46;TRANSFER;9616.45;C1716932897;C761750706;0
8-10-2019;10:24:23;CASH_OUT;227478.01;C1716932897;N/A;0
8-10-2019;10:25:04;TRANSFER;879.42;C90045638;C249177573;0
8-10-2019;10:32:26;CASH_IN;206405.92;N/A;C1305486145;0
8-10-2019;10:33:55;CASH_IN;155075.41;N/A;C1237762639;0
8-10-2019;10:37:19;TRANSFER;14306.8;C1912850431;C1666544295;0
8-10-2019;10:38:23;CASH_IN;62983.91;N/A;C1912850431;0
8-10-2019;10:51:16;TRANSFER;420532.33;C2048537720;C1716932897;0
8-10-2019;10:52:07;CASH_IN;194900.16;N/A;C1648232591;0
8-10-2019;10:52:45;TRANSFER;11938.61;C90045638;C154988899;0
8-10-2019;10:56:02;TRANSFER;13449.95;C1026483832;C712410124;0
8-10-2019;10:56:03;CASH_IN;6284.18;N/A;C1900366749;0
8-10-2019;11:02:27;CASH_IN;160347.32;N/A;C1648232591;0
8-10-2019;11:02:43;TRANSFER;16505.51;C840083671;C249177573;0
8-10-2019;11:38:01;TRANSFER;622.15;C1912850431;C761750706;0
8-10-2019;11:45:42;TRANSFER;3222.32;C1912850431;C90045638;0
8-10-2019;11:48:28;CASH_IN;254895.5;N/A;C1900366749;0
8-10-2019;11:58:23;TRANSFER;5936.82;C90045638;C1666544295;0
8-10-2019;12:01:47;TRANSFER;12666.68;C1026483832;C1305486145;0
8-10-2019;12:05:38;TRANSFER;3943.17;C905080434;C154988899;0
8-10-2019;12:06:20;CASH_IN;338964.91;N/A;C1305486145;0
8-10-2019;12:14:23;CASH_IN;414238.59;N/A;C1648232591;0
8-10-2019;12:19:02;CASH_IN;194311.34;N/A;C2048537720;0
8-10-2019;12:20:39;TRANSFER;207.75;C90045638;C1912850431;0
8-10-2019;12:25:16;TRANSFER;7797.00;C1900366749;C90045638;0
8-10-2019;12:33:41;TRANSFER;5853.21;C1900366749;C1265012928;0
8-10-2019;12:48:32;TRANSFER;5770.32;C1026483832;C1305486145;0
8-10-2019;12:48:46;TRANSFER;5055.94;C1026483832;C840083671;0
8-10-2019;12:49:34;TRANSFER;2056.59;C840083671;C1648232591;0
8-10-2019;12:53:18;TRANSFER;7206.33;C1026483832;C1716932897;0
8-10-2019;13:02:16;TRANSFER;4252.82;C1900366749;C840083671;0
8-10-2019;13:09:08;TRANSFER;6131.21;C712410124;C1237762639;0
8-10-2019;13:09:40;CASH_IN;39249.67;N/A;C1900366749;0
8-10-2019;13:18:15;CASH_IN;178370.36;N/A;C1305486145;0
8-10-2019;13:27:57;CASH_IN;161632.16;N/A;C1231006815;0
8-10-2019;13:28:45;TRANSFER;636.95;C761750706;C1900366749;0
8-10-2019;13:33:20;CASH_IN;188238.54;N/A;C1305486145;0
8-10-2019;13:36:49;TRANSFER;22276.00;C712410124;C1265012928;0
8-10-2019;13:37:47;TRANSFER;9269.99;C840083671;C840083671;0
8-10-2019;13:45:39;TRANSFER;5937.72;C1265012928;C840083671;0
8-10-2019;13:50:00;CASH_IN;21898.97;N/A;C154988899;0
8-10-2019;13:56:16;TRANSFER;9796.29;C761750706;C840083671;0
8-10-2019;13:59:30;TRANSFER;3101.33;C90045638;C1900366749;0
8-10-2019;14:06:37;TRANSFER;5581.55;C761750706;C1666544295;0
8-10-2019;14:22:18;TRANSFER;5655.17;C840083671;C1026483832;0
8-10-2019;14:33:14;TRANSFER;1209.64;C1666544295;C1666544295;0
8-10-2019;14:40:21;CASH_IN;15152.15;N/A;C1265012928;0
8-10-2019;14:44:14;CASH_IN;198847.32;N/A;C712410124;0
8-10-2019;14:45:19;TRANSFER;18437.04;C1237762639;C249177573;0
8-10-2019;14:50:45;TRANSFER;9374.72;C1237762639;C1237762639;0
8-10-2019;14:50:51;CASH_IN;217668.38;N/A;C1912850431;0
8-10-2019;14:51:40;TRANSFER;4233.45;C2048537720;C1026483832;0
8-10-2019;14:54:57;CASH_IN;183250.00;N/A;C905080434;0
9-10-2019;06:01:32;TRANSFER;5403.87;C1648232591;C1231006815;0
9-10-2019;06:03:32;TRANSFER;18561.23;C2048537720;C249177573;0
9-10-2019;06:03:41;TRANSFER;3396.25;C90045638;C90045638;0
9-10-2019;06:05:45;TRANSFER;5800.85;C840083671;C712410124;0
9-10-2019;06:06:07;TRANSFER;2271.34;C2048537720;C761750706;0
9-10-2019;06:06:45;TRANSFER;25554.79;C1026483832;C249177573;0
9-10-2019;06:06:52;CASH_OUT;236825.42;C249177573;N/A;0
9-10-2019;06:08:16;TRANSFER;8419.73;C1648232591;C1305486145;0
9-10-2019;06:09:08;CASH_OUT;142282.63;C1666544295;N/A;0
9-10-2019;06:09:16;TRANSFER;360.13;C1026483832;C249177573;0
9-10-2019;06:09:23;CASH_OUT;59390.46;C2048537720;N/A;0
9-10-2019;06:13:58;TRANSFER;154.87;C840083671;C1716932897;0
9-10-2019;06:14:13;TRANSFER;9758.09;C840083671;C840083671;0
9-10-2019;06:15:31;TRANSFER;13427.34;C1305486145;C905080434;0
9-10-2019;06:16:19;CASH_OUT;242940.23;C1900366749;N/A;0
9-10-2019;06:16:25;TRANSFER;6029.92;C1231006815;C840083671;0
9-10-2019;06:16:53;CASH_OUT;77642.84;C712410124;N/A;0
9-10-2019;06:17:36;TRANSFER;5270.72;C1716932897;C1648232591;0
9-10-2019;06:17:44;TRANSFER;4244.4;C1026483832;C1231006815;0
9-10-2019;06:19:39;TRANSFER;6811.97;C1900366749;C1666544295;0
9-10-2019;06:20:52;CASH_OUT;68662.06;C1265012928;N/A;0
9-10-2019;06:21:11;TRANSFER;760.21;C1305486145;C712410124;0
9-10-2019;06:22:45;TRANSFER;4337.08;C712410124;C90045638;0
9-10-2019;06:23:58;TRANSFER;4145.04;C840083671;C1305486145;0
9-10-2019;06:27:50;TRANSFER;6757.51;C2048537720;C761750706;0
9-10-2019;06:29:46;TRANSFER;3464.41;C1265012928;C2048537720;0
9-10-2019;06:32:41;CASH_OUT;166335.32;C1231006815;N/A;0
9-10-2019;06:32:48;TRANSFER;10891.96;C1231006815;C2048537720;0
9-10-2019;06:34:14;CASH_OUT;96178.8;C712410124;N/A;0
9-10-2019;06:34:19;TRANSFER;1697.56;C1900366749;C1305486145;0
9-10-2019;06:38:15;CASH_OUT;18288.91;C2048537720;N/A;0
9-10-2019;06:38:50;TRANSFER;6432.26;C90045638;C1648232591;0
9-10-2019;06:39:41;CASH_OUT;131991.26;C1305486145;N/A;0
9-10-2019;06:40:23;TRANSFER;7079.24;C1900366749;C761750706;0
9-10-2019;06:42:00;TRANSFER;348186.2;C1237762639;C1026483832;0
9-10-2019;06:42:17;TRANSFER;13373.96;C905080434;C1265012928;0
9-10-2019;06:42:21;TRANSFER;66225.76;C712410124;C1648232591;0
9-10-2019;06:42:43;TRANSFER;8264.22;C1026483832;C1026483832;0
9-10-2019;06:43:34;TRANSFER;8348.1;C90045638;C90045638;0
9-10-2019;06:44:36;TRANSFER;11656.12;C1666544295;C712410124;0
9-10-2019;06:45:54;TRANSFER;326349.91;C1231006815;C249177573;0
9-10-2019;06:46:47;TRANSFER;6078.56;C1912850431;C1912850431;0
9-10-2019;06:47:56;TRANSFER;1006.76;C840083671;C1265012928;0
9-10-2019;06:49:56;TRANSFER;19741.22;C90045638;C712410124;0
9-10-2019;06:50:10;TRANSFER;7645.96;C1265012928;C1265012928;0
9-10-2019;06:50:14;CASH_OUT;363482.02;C249177573;N/A;0
9-10-2019;06:52:35;TRANSFER;13833.75;C905080434;C1912850431;0
9-10-2019;06:53:21;CASH_OUT;283123.48;C905080434;N/A;0
9-10-2019;06:54:50;CASH_IN;336298.77;N/A;C249177573;0
9-10-2019;06:55:52;TRANSFER;4593.59;C154988899;C2048537720;0
9-10-2019;06:56:43;TRANSFER;3545.37;C1305486145;C2048537720;0
9-10-2019;06:58:35;TRANSFER;5430.64;C1305486145;C1231006815;0
9-10-2019;06:59:46;CASH_IN;770537.37;N/A;C1900366749;1
9-10-2019;07:01:44;TRANSFER;12426.38;C1716932897;C1231006815;0
9-10-2019;07:04:21;CASH_OUT;166817.98;C154988899;N/A;0
9-10-2019;07:05:56;TRANSFER;6548.43;C1648232591;C90045638;0
9-10-2019;07:06:20;TRANSFER;4279.07;C2048537720;C1912850431;0
9-10-2019;07:06:43;TRANSFER;7203.07;C90045638;C2048537720;0
9-10-2019;07:12:47;TRANSFER;12462.9;C1231006815;C1648232591;0
9-10-2019;07:12:48;TRANSFER;1193.24;C2048537720;C761750706;0
9-10-2019;07:13:29;TRANSFER;2290.73;C840083671;C1305486145;0
9-10-2019;07:14:15;CASH_OUT;114499.14;C1648232591;N/A;0
9-10-2019;07:14:33;TRANSFER;3563.36;C1666544295;C712410124;0
9-10-2019;07:15:21;TRANSFER;2586.39;C1900366749;C1026483832;0
9-10-2019;07:16:20;TRANSFER;1440296.14;C840083671;C1900366749;1
9-10-2019;07:18:12;TRANSFER;6557.51;C154988899;C2048537720;0
9-10-2019;07:18:25;TRANSFER;9549.7;C905080434;C1231006815;0
9-10-2019;07:20:46;TRANSFER;1180.55;C712410124;C154988899;0
9-10-2019;07:23:41;TRANSFER;950.25;C712410124;C1666544295;0
9-10-2019;07:25:25;TRANSFER;6969.67;C1666544295;C1026483832;0
9-10-2019;07:25:39;TRANSFER;2063.77;C1237762639;C1305486145;0
9-10-2019;07:29:37;TRANSFER;2851.83;C1900366749;C1231006815;0
9-10-2019;07:32:16;TRANSFER;3644.85;C1648232591;C840083671;0
9-10-2019;07:33:25;TRANSFER;6488.6;C1026483832;C1648232591;0
9-10-2019;07:38:32;TRANSFER;9499.4;C2048537720;C1900366749;0
9-10-2019;07:38:53;TRANSFER;9191.46;C2048537720;C1716932897;0
9-10-2019;07:40:05;TRANSFER;1260.62;C840083671;C1666544295;0
9-10-2019;07:40:15;TRANSFER;3825.39;C1648232591;C90045638;0
9-10-2019;07:40:20;TRANSFER;47564.74;C1716932897;C1231006815;0
9-10-2019;07:41:16;TRANSFER;700967.19;C840083671;C1648232591;0
9-10-2019;07:41:23;TRANSFER;112.56;C1716932897;C90045638;0
9-10-2019;07:43:14;TRANSFER;4355.66;C1900366749;C1648232591;0
9-10-2019;07:43:52;TRANSFER;4779.93;C1666544295;C840083671;0
9-10-2019;07:44:36;CASH_OUT;20128.00;C1648232591;N/A;1
9-10-2019;07:46:38;TRANSFER;639378.37;C1231006815;C761750706;0
9-10-2019;07:48:56;TRANSFER;19644.08;C1900366749;C1231006815;0
9-10-2019;07:51:09;TRANSFER;2284.54;C1716932897;C154988899;0
9-10-2019;07:51:56;CASH_OUT;39485.21;C840083671;N/A;0
9-10-2019;07:52:02;TRANSFER;4322.17;C1900366749;C840083671;0
9-10-2019;07:56:35;TRANSFER;1979.94;C1900366749;C1265012928;0
9-10-2019;07:57:09;TRANSFER;2466.95;C905080434;C249177573;0
9-10-2019;07:57:35;CASH_OUT;179030.05;C1912850431;N/A;0
9-10-2019;08:00:57;TRANSFER;4163.82;C840083671;C90045638;0
9-10-2019;08:01:07;CASH_OUT;161796.96;C905080434;N/A;0
9-10-2019;08:05:55;TRANSFER;8690.86;C2048537720;C1716932897;0
9-10-2019;08:06:33;CASH_OUT;48252.82;C90045638;N/A;0
9-10-2019;08:07:41;TRANSFER;7950.29;C712410124;C1666544295;0
9-10-2019;08:11:34;TRANSFER;5570.5;C249177573;C1026483832;0
9-10-2019;08:12:03;TRANSFER;3801.74;C840083671;C1305486145;0
9-10-2019;08:15:48;TRANSFER;2380.46;C2048537720;C249177573;0
9-10-2019;08:17:52;CASH_OUT;312471.16;C905080434;N/A;0
9-10-2019;08:18:23;TRANSFER;320.53;C154988899;C1716932897;0
9-10-2019;08:20:14;CASH_OUT;102265.88;C1237762639;N/A;0
9-10-2019;08:22:24;TRANSFER;3292.21;C840083671;C1900366749;0
9-10-2019;08:23:07;TRANSFER;1576.78;C1900366749;C1648232591;0
9-10-2019;08:25:20;TRANSFER;8703.54;C1231006815;C1026483832;0
9-10-2019;08:26:37;TRANSFER;138857.19;C1912850431;C905080434;0
9-10-2019;08:27:01;TRANSFER;5324.43;C2048537720;C1666544295;0
9-10-2019;08:28:49;CASH_OUT;194620.68;C1305486145;N/A;0
9-10-2019;08:29:50;TRANSFER;2223.41;C154988899;C1666544295;0
9-10-2019;08:30:15;TRANSFER;12728.46;C1648232591;C2048537720;0
9-10-2019;08:31:13;CASH_OUT;126167.7;C249177573;N/A;0
9-10-2019;08:34:43;TRANSFER;6780.78;C761750706;C1231006815;0
9-10-2019;08:34:43;TRANSFER;1045.63;C249177573;C840083671;0
9-10-2019;08:36:54;TRANSFER;1017.85;C2048537720;C1900366749;0
9-10-2019;08:37:17;TRANSFER;3014.54;C905080434;C840083671;0
9-10-2019;08:39:33;TRANSFER;483544.3;C1912850431;C761750706;0
9-10-2019;08:42:17;TRANSFER;6688.74;C1900366749;C1716932897;0
9-10-2019;08:43:47;CASH_OUT;285360.06;C2048537720;N/A;0
9-10-2019;08:44:43;CASH_OUT;377520.94;C1666544295;N/A;0
9-10-2019;08:46:08;TRANSFER;3791.28;C905080434;C154988899;0
9-10-2019;08:47:49;TRANSFER;7813.63;C712410124;C1231006815;0
9-10-2019;08:48:14;TRANSFER;13758.63;C249177573;C1900366749;0
9-10-2019;08:48:18;TRANSFER;1873.13;C1716932897;C1912850431;0
9-10-2019;08:48:56;TRANSFER;16631.14;C90045638;C1648232591;0
9-10-2019;08:50:25;TRANSFER;2644.63;C1900366749;C761750706;0
9-10-2019;08:50:47;TRANSFER;1928.55;C1900366749;C1648232591;0
9-10-2019;08:51:14;TRANSFER;3043.27;C2048537720;C90045638;0
9-10-2019;08:51:24;TRANSFER;5485.04;C1231006815;C1026483832;0
9-10-2019;08:51:24;TRANSFER;7257.7;C712410124;C1305486145;0
9-10-2019;08:52:17;TRANSFER;15034.23;C1305486145;C2048537720;0
9-10-2019;08:56:57;CASH_OUT;306280.12;C2048537720;N/A;0
9-10-2019;08:56:58;TRANSFER;1231.79;C1237762639;C1305486145;0
9-10-2019;08:58:32;TRANSFER;1987.4;C840083671;C1666544295;0
9-10-2019;08:58:47;CASH_OUT;38428.19;C1231006815;N/A;0
9-10-2019;09:03:11;TRANSFER;3393.22;C1305486145;C154988899;0
9-10-2019;09:04:23;TRANSFER;20128.00;C905080434;C249177573;1
9-10-2019;09:04:56;TRANSFER;19375.5;C712410124;C761750706;0
9-10-2019;09:10:06;TRANSFER;399.66;C2048537720;C2048537720;0
9-10-2019;09:11:05;TRANSFER;5633.3;C154988899;C712410124;0
9-10-2019;09:11:29;TRANSFER;7367.06;C90045638;C1231006815;0
9-10-2019;09:11:56;TRANSFER;2736.35;C90045638;C249177573;0
9-10-2019;09:12:34;TRANSFER;264361.19;C1716932897;C1237762639;0
9-10-2019;09:13:11;TRANSFER;1580.66;C90045638;C761750706;0
9-10-2019;09:13:14;CASH_OUT;256773.54;C712410124;N/A;0
9-10-2019;09:17:54;TRANSFER;11881.78;C840083671;C712410124;0
9-10-2019;09:17:55;CASH_OUT;9864.23;C90045638;N/A;0
9-10-2019;09:18:17;TRANSFER;4451.95;C1265012928;C840083671;0
9-10-2019;09:19:32;CASH_OUT;227768.63;C90045638;N/A;0
9-10-2019;09:25:22;TRANSFER;47477.97;C90045638;C1912850431;0
9-10-2019;09:25:24;TRANSFER;4227.19;C2048537720;C1237762639;0
9-10-2019;09:26:41;TRANSFER;51627.39;C90045638;C1231006815;0
9-10-2019;09:26:59;CASH_OUT;171757.76;C1305486145;N/A;0
9-10-2019;09:28:15;CASH_OUT;73513.5;C154988899;N/A;0
9-10-2019;09:32:05;TRANSFER;300.41;C1231006815;C1648232591;0
9-10-2019;09:33:41;TRANSFER;964.77;C90045638;C1900366749;0
9-10-2019;09:34:45;TRANSFER;1658.87;C1305486145;C249177573;0
9-10-2019;09:36:28;CASH_OUT;205279.62;C1231006815;N/A;1
9-10-2019;09:36:43;TRANSFER;4008.01;C905080434;C1716932897;0
9-10-2019;09:37:28;CASH_OUT;94332.00;C1237762639;N/A;0
9-10-2019;09:37:56;TRANSFER;5843.75;C840083671;C840083671;0
9-10-2019;09:38:39;TRANSFER;13679.84;C840083671;C712410124;0
9-10-2019;09:38:55;TRANSFER;553.25;C1305486145;C1231006815;0
9-10-2019;09:39:11;TRANSFER;6765.12;C905080434;C840083671;0
9-10-2019;09:41:40;CASH_OUT;83859.59;C2048537720;N/A;0
9-10-2019;09:43:09;CASH_OUT;1234.00;C1716932897;N/A;0
9-10-2019;09:44:18;CASH_OUT;63830.49;C1912850431;N/A;0
9-10-2019;09:47:20;TRANSFER;32132.45;C1026483832;C90045638;0
9-10-2019;09:49:11;TRANSFER;1066.04;C1305486145;C249177573;0
9-10-2019;09:49:21;TRANSFER;22043.92;C1900366749;C1912850431;0
9-10-2019;09:49:34;CASH_OUT;76635.24;C1648232591;N/A;0
9-10-2019;09:51:06;TRANSFER;1867849.02;C1912850431;C1231006815;0
9-10-2019;09:51:53;CASH_OUT;427175.03;C90045638;N/A;0
9-10-2019;09:54:33;TRANSFER;9314.84;C905080434;C1900366749;0
9-10-2019;09:54:59;TRANSFER;7641.08;C1648232591;C905080434;0
9-10-2019;09:55:46;TRANSFER;13954.75;C1900366749;C1648232591;0
9-10-2019;10:04:23;TRANSFER;2881.51;C1900366749;C1666544295;0
9-10-2019;10:04:34;TRANSFER;2755.96;C1666544295;C1237762639;0
9-10-2019;10:04:40;TRANSFER;1582.67;C1305486145;C1912850431;0
9-10-2019;10:06:12;TRANSFER;13614.91;C1666544295;C1648232591;0
9-10-2019;10:06:22;TRANSFER;6993.7;C761750706;C1237762639;0
9-10-2019;10:08:10;TRANSFER;8901.32;C249177573;C1900366749;0
9-10-2019;10:08:11;CASH_OUT;66312.08;C90045638;N/A;0
9-10-2019;10:08:52;TRANSFER;7444.4;C1026483832;C1900366749;0
9-10-2019;10:10:25;CASH_OUT;310157.55;C840083671;N/A;0
9-10-2019;10:10:58;TRANSFER;7272.63;C1912850431;C154988899;0
9-10-2019;10:11:11;CASH_OUT;234268.82;C1237762639;N/A;0
9-10-2019;10:13:06;CASH_IN;352568.35;N/A;C1716932897;0
9-10-2019;10:13:36;TRANSFER;4867.56;C712410124;C905080434;0
9-10-2019;10:16:49;TRANSFER;7342.63;C1026483832;C1648232591;0
9-10-2019;10:18:25;TRANSFER;266.88;C761750706;C1237762639;0
9-10-2019;10:18:29;TRANSFER;2195.63;C761750706;C154988899;0
9-10-2019;10:21:02;CASH_OUT;593.4;C249177573;N/A;0
9-10-2019;10:21:18;CASH_OUT;123797.1;C1666544295;N/A;0
9-10-2019;10:21:50;TRANSFER;7659.86;C90045638;C1912850431;0
9-10-2019;10:22:16;TRANSFER;12162.01;C1265012928;C1026483832;0
9-10-2019;10:22:43;TRANSFER;6249.78;C90045638;C1265012928;0
9-10-2019;10:23:30;TRANSFER;3269.72;C761750706;C1265012928;0
9-10-2019;10:24:28;TRANSFER;1383.56;C2048537720;C761750706;0
9-10-2019;10:24:39;TRANSFER;4940.2;C712410124;C1231006815;0
9-10-2019;10:25:02;CASH_OUT;155122.86;C1900366749;N/A;0
9-10-2019;10:26:22;TRANSFER;8148.08;C90045638;C1265012928;0
9-10-2019;10:35:27;TRANSFER;282.42;C905080434;C1026483832;0
9-10-2019;10:35:34;TRANSFER;9181.99;C712410124;C1912850431;0
9-10-2019;10:35:49;TRANSFER;829.07;C840083671;C712410124;0
9-10-2019;10:37:04;TRANSFER;663.34;C905080434;C154988899;0
9-10-2019;10:37:44;CASH_OUT;113283.13;C712410124;N/A;0
9-10-2019;10:42:20;TRANSFER;12256.66;C154988899;C761750706;0
9-10-2019;10:42:26;TRANSFER;7260.2;C905080434;C1265012928;0
9-10-2019;10:43:35;TRANSFER;2272.54;C1648232591;C90045638;0
9-10-2019;10:44:00;TRANSFER;8356.44;C1026483832;C1305486145;0
9-10-2019;10:45:25;TRANSFER;1616.52;C154988899;C1231006815;0
9-10-2019;10:49:46;TRANSFER;2756.3;C2048537720;C1716932897;0
9-10-2019;10:50:51;TRANSFER;1213.64;C1716932897;C1912850431;0
9-10-2019;10:51:53;CASH_OUT;33269.25;C1231006815;N/A;0
9-10-2019;10:52:02;TRANSFER;3238.39;C761750706;C1648232591;0
9-10-2019;10:54:05;TRANSFER;132.42;C905080434;C1026483832;0
9-10-2019;10:56:25;TRANSFER;2469.75;C154988899;C905080434;0
9-10-2019;10:59:59;TRANSFER;8358.81;C840083671;C712410124;0
9-10-2019;11:01:20;TRANSFER;1002.96;C1026483832;C1237762639;0
9-10-2019;11:05:13;TRANSFER;962.43;C1231006815;C1912850431;0
9-10-2019;11:07:53;TRANSFER;7541.47;C1900366749;C249177573;0
9-10-2019;11:09:29;CASH_OUT;82054.36;C1026483832;N/A;0
9-10-2019;11:11:40;CASH_IN;30811.56;N/A;C1231006815;0
9-10-2019;11:15:27;TRANSFER;3380.1;C1305486145;C1716932897;0
9-10-2019;11:17:07;TRANSFER;2168.8;C90045638;C1716932897;0
9-10-2019;11:21:37;CASH_OUT;472385.25;C1716932897;N/A;0
9-10-2019;11:21:50;TRANSFER;848.74;C154988899;C1231006815;0
9-10-2019;11:24:05;CASH_OUT;65025.3;C1305486145;N/A;0
9-10-2019;11:24:41;TRANSFER;3644.12;C90045638;C1265012928;0
9-10-2019;11:26:49;TRANSFER;8946.63;C712410124;C761750706;0
9-10-2019;11:27:47;TRANSFER;969631.31;C1237762639;C1666544295;1
9-10-2019;11:29:02;TRANSFER;8074.16;C1900366749;C1648232591;0
9-10-2019;11:31:17;TRANSFER;17373.04;C90045638;C905080434;0
9-10-2019;11:33:06;TRANSFER;9470.85;C712410124;C905080434;0
9-10-2019;11:35:01;TRANSFER;2935.86;C154988899;C1265012928;0
9-10-2019;11:35:03;TRANSFER;8791.02;C1716932897;C1305486145;0
9-10-2019;11:35:54;CASH_OUT;51749.94;C1716932897;N/A;0
9-10-2019;11:36:43;CASH_OUT;173512.93;C2048537720;N/A;0
9-10-2019;11:37:12;TRANSFER;1532.35;C1305486145;C1231006815;0
9-10-2019;11:37:47;TRANSFER;4651.67;C840083671;C1666544295;0
9-10-2019;11:38:12;TRANSFER;10285.86;C905080434;C1648232591;0
9-10-2019;11:38:31;TRANSFER;2671.31;C761750706;C1231006815;0
9-10-2019;11:38:39;TRANSFER;12187.88;C905080434;C154988899;0
9-10-2019;11:40:34;CASH_OUT;327066.19;C905080434;N/A;0
9-10-2019;11:41:30;CASH_OUT;406297.68;C1900366749;N/A;0
9-10-2019;11:50:50;TRANSFER;39069.42;C905080434;C1912850431;0
9-10-2019;11:51:25;TRANSFER;62073.54;C154988899;C761750706;0
9-10-2019;11:53:33;CASH_OUT;41924.75;C1237762639;N/A;0
9-10-2019;11:53:35;TRANSFER;6776.93;C1648232591;C154988899;0
9-10-2019;11:54:22;CASH_OUT;312108.51;C1231006815;N/A;0
9-10-2019;11:57:05;TRANSFER;63186.93;C1648232591;C2048537720;0
9-10-2019;11:58:35;CASH_OUT;156819.6;C840083671;N/A;0
9-10-2019;11:59:35;CASH_OUT;161445.91;C1666544295;N/A;0
9-10-2019;11:59:53;TRANSFER;4518.42;C1265012928;C712410124;0
9-10-2019;12:00:09;TRANSFER;2871.89;C154988899;C1237762639;0
9-10-2019;12:05:04;TRANSFER;8348.75;C1648232591;C1912850431;0
9-10-2019;12:05:23;TRANSFER;6973.12;C1648232591;C1026483832;0
9-10-2019;12:08:16;TRANSFER;1977.17;C249177573;C840083671;0
9-10-2019;12:09:25;TRANSFER;2245.62;C1648232591;C712410124;0
9-10-2019;12:10:41;CASH_OUT;117023.79;C1305486145;N/A;0
9-10-2019;12:10:58;CASH_OUT;94296.25;C1231006815;N/A;0
9-10-2019;12:12:48;TRANSFER;3537.25;C1026483832;C1648232591;0
9-10-2019;12:13:43;TRANSFER;6523.19;C1231006815;C1026483832;0
9-10-2019;12:15:53;CASH_OUT;8809.04;C2048537720;N/A;0
9-10-2019;12:18:12;TRANSFER;1617.9;C1900366749;C712410124;0
9-10-2019;12:21:28;TRANSFER;6854.06;C1026483832;C1912850431;0
9-10-2019;12:22:26;CASH_OUT;6039.61;C90045638;N/A;0
9-10-2019;12:24:36;TRANSFER;6443.58;C1648232591;C90045638;0
9-10-2019;12:26:12;TRANSFER;1668.11;C1900366749;C1648232591;0
9-10-2019;12:26:40;CASH_OUT;69708.79;C1648232591;N/A;0
9-10-2019;12:27:32;TRANSFER;1617.97;C154988899;C840083671;0
9-10-2019;12:28:59;CASH_OUT;208501.33;C249177573;N/A;0
9-10-2019;12:29:42;TRANSFER;12178.51;C90045638;C154988899;0
9-10-2019;12:36:32;TRANSFER;865.77;C1900366749;C1231006815;0
9-10-2019;12:36:58;TRANSFER;6495.27;C840083671;C1305486145;0
9-10-2019;12:37:54;TRANSFER;281425.06;C2048537720;C1648232591;0
9-10-2019;12:38:32;TRANSFER;8092.1;C1305486145;C154988899;0
9-10-2019;12:39:20;TRANSFER;1449.03;C1666544295;C1912850431;0
9-10-2019;12:40:02;CASH_OUT;5223.97;C249177573;N/A;0
9-10-2019;12:42:15;TRANSFER;9738.95;C905080434;C712410124;0
9-10-2019;12:42:57;TRANSFER;9550.43;C840083671;C1305486145;0
9-10-2019;12:44:48;TRANSFER;84212.94;C1305486145;C1231006815;0
9-10-2019;12:45:17;TRANSFER;2644.54;C249177573;C840083671;0
9-10-2019;12:47:00;CASH_OUT;173597.57;C1026483832;N/A;0
9-10-2019;12:47:42;CASH_OUT;172986.7;C840083671;N/A;0
9-10-2019;12:48:07;TRANSFER;8865.26;C1648232591;C1666544295;0
9-10-2019;12:49:42;TRANSFER;463722.76;C1912850431;C1026483832;0
9-10-2019;12:50:50;TRANSFER;3551.48;C1026483832;C1666544295;0
9-10-2019;12:52:59;TRANSFER;429.42;C2048537720;C1265012928;0
9-10-2019;12:53:25;TRANSFER;2266.02;C1237762639;C1026483832;0
9-10-2019;12:54:59;TRANSFER;2713.67;C1648232591;C1900366749;0
9-10-2019;12:55:28;TRANSFER;881.26;C90045638;C905080434;0
9-10-2019;12:55:31;CASH_IN;100275.09;N/A;C154988899;0
9-10-2019;12:55:40;TRANSFER;11438.39;C154988899;C1900366749;0
9-10-2019;12:59:47;TRANSFER;10932.41;C1900366749;C761750706;0
9-10-2019;13:04:06;TRANSFER;10627.18;C840083671;C90045638;0
9-10-2019;13:04:23;CASH_OUT;108600.78;C1231006815;N/A;0
9-10-2019;13:06:27;TRANSFER;7506.65;C840083671;C1912850431;0
9-10-2019;13:09:21;TRANSFER;8309.52;C154988899;C1912850431;0
9-10-2019;13:10:03;TRANSFER;43670.84;C1666544295;C154988899;0
9-10-2019;13:10:06;TRANSFER;5184.9;C154988899;C1026483832;0
9-10-2019;13:14:11;TRANSFER;13252.81;C1716932897;C1716932897;0
9-10-2019;13:18:03;TRANSFER;2075.94;C1912850431;C761750706;0
9-10-2019;13:18:37;CASH_OUT;334262.17;C90045638;N/A;0
9-10-2019;13:19:53;CASH_OUT;151096.79;C905080434;N/A;0
9-10-2019;13:24:34;CASH_OUT;10856.63;C712410124;N/A;0
9-10-2019;13:27:13;CASH_OUT;30331.38;C1666544295;N/A;0
9-10-2019;13:29:15;CASH_IN;24105.5;N/A;C1265012928;0
9-10-2019;13:30:05;TRANSFER;3418.07;C1912850431;C840083671;0
9-10-2019;13:30:32;TRANSFER;12621.09;C761750706;C1237762639;0
9-10-2019;13:33:28;TRANSFER;5842.61;C1026483832;C90045638;0
9-10-2019;13:34:15;TRANSFER;10498.05;C90045638;C1231006815;0
9-10-2019;13:36:06;TRANSFER;32635.14;C1648232591;C90045638;0
9-10-2019;13:37:10;CASH_IN;173948.89;N/A;C154988899;0
9-10-2019;13:38:00;TRANSFER;3533.32;C1231006815;C905080434;0
9-10-2019;13:38:03;TRANSFER;2392.53;C905080434;C1305486145;0
9-10-2019;13:39:54;CASH_IN;55827.09;N/A;C761750706;0
9-10-2019;13:41:31;CASH_OUT;9104.26;C1666544295;N/A;0
9-10-2019;13:43:32;TRANSFER;11770.54;C2048537720;C1648232591;0
9-10-2019;13:49:40;TRANSFER;8807.01;C249177573;C1237762639;0
9-10-2019;13:50:39;TRANSFER;973.18;C761750706;C1231006815;0
9-10-2019;13:51:40;TRANSFER;8358.12;C1231006815;C90045638;0
9-10-2019;13:56:35;TRANSFER;35063.63;C1716932897;C840083671;1
9-10-2019;13:56:49;CASH_OUT;161613.93;C249177573;N/A;0
9-10-2019;13:57:05;TRANSFER;4433.98;C761750706;C905080434;0
9-10-2019;14:00:24;TRANSFER;502.61;C249177573;C1305486145;0
9-10-2019;14:01:08;TRANSFER;14025.72;C1305486145;C712410124;0
9-10-2019;14:01:11;CASH_OUT;128278.74;C249177573;N/A;0
9-10-2019;14:03:56;TRANSFER;3766.99;C761750706;C1900366749;0
9-10-2019;14:06:15;TRANSFER;36651.07;C154988899;C1900366749;0
9-10-2019;14:07:14;TRANSFER;1277212.77;C1648232591;C1666544295;1
9-10-2019;14:08:49;TRANSFER;9361.47;C1912850431;C761750706;0
9-10-2019;14:09:59;CASH_OUT;540789.56;C905080434;N/A;0
9-10-2019;14:11:26;CASH_OUT;197186.52;C1648232591;N/A;0
9-10-2019;14:14:34;TRANSFER;5924.89;C1305486145;C249177573;0
9-10-2019;14:17:20;TRANSFER;8354.27;C712410124;C1265012928;0
9-10-2019;14:19:08;TRANSFER;6917.1;C712410124;C1237762639;0
9-10-2019;14:22:22;TRANSFER;2358.63;C1237762639;C1716932897;0
9-10-2019;14:22:48;CASH_OUT;60758.42;C249177573;N/A;0
9-10-2019;14:26:56;CASH_OUT;63807.17;C1026483832;N/A;0
9-10-2019;14:27:26;TRANSFER;5363.35;C249177573;C1666544295;0
9-10-2019;14:28:12;TRANSFER;374.36;C840083671;C1666544295;0
9-10-2019;14:28:23;TRANSFER;7546.88;C1231006815;C1666544295;0
9-10-2019;14:30:49;CASH_OUT;46261.02;C154988899;N/A;0
9-10-2019;14:31:16;CASH_OUT;132574.00;C1026483832;N/A;0
9-10-2019;14:32:24;CASH_OUT;160700.51;C712410124;N/A;0
9-10-2019;14:32:48;CASH_OUT;251241.14;C1026483832;N/A;0
9-10-2019;14:34:43;TRANSFER;5334.81;C1666544295;C1231006815;0
9-10-2019;14:37:17;TRANSFER;5423.28;C90045638;C1666544295;0
9-10-2019;14:38:49;TRANSFER;1122.14;C712410124;C1900366749;0
9-10-2019;14:39:42;CASH_IN;311449.38;N/A;C154988899;0
9-10-2019;14:40:40;TRANSFER;1810.41;C905080434;C712410124;0
9-10-2019;14:42:06;TRANSFER;5363.00;C905080434;C249177573;0
9-10-2019;14:43:39;CASH_OUT;195490.04;C1305486145;N/A;0
9-10-2019;14:44:50;TRANSFER;10648.06;C712410124;C1305486145;0
9-10-2019;14:48:09;TRANSFER;4108.8;C1716932897;C1900366749;0
9-10-2019;14:53:26;CASH_OUT;1277212.77;C249177573;N/A;1
9-10-2019;14:54:32;CASH_OUT;13136.44;C1666544295;N/A;0
9-10-2019;14:58:24;TRANSFER;6490.17;C761750706;C1265012928;0
9-10-2019;14:59:22;TRANSFER;619.24;C1900366749;C249177573;0
9-10-2019;14:59:32;TRANSFER;895.24;C154988899;C1305486145;0
9-10-2019;14:59:50;CASH_IN;88626.65;N/A;C1305486145;0
10-10-2019;06:00:26;CASH_IN;216806.48;N/A;C840083671;0
10-10-2019;06:05:28;TRANSFER;7276.69;C1900366749;C1900366749;0
10-10-2019;06:05:58;TRANSFER;3445.96;C1026483832;C90045638;0
10-10-2019;06:06:54;TRANSFER;3383.61;C712410124;C1305486145;0
10-10-2019;06:07:18;TRANSFER;40149.38;C840083671;C1026483832;0
10-10-2019;06:09:18;TRANSFER;5237.7;C761750706;C2048537720;0
10-10-2019;06:11:08;TRANSFER;1280.14;C154988899;C1231006815;0
10-10-2019;06:12:56;CASH_IN;105647.45;N/A;C1026483832;0
10-10-2019;06:14:11;TRANSFER;9198.49;C1900366749;C1716932897;0
10-10-2019;06:15:34;TRANSFER;2738.86;C249177573;C840083671;0
10-10-2019;06:15:44;TRANSFER;5371.1;C1026483832;C905080434;0
10-10-2019;06:15:58;TRANSFER;4881.15;C1231006815;C1026483832;0
10-10-2019;06:16:23;TRANSFER;17457.7;C840083671;C249177573;0
10-10-2019;06:16:26;CASH_IN;61505.91;N/A;C905080434;0
10-10-2019;06:17:53;TRANSFER;1098.78;C1666544295;C840083671;0
10-10-2019;06:19:19;TRANSFER;4297.27;C761750706;C840083671;0
10-10-2019;06:20:48;TRANSFER;3865.44;C712410124;C1648232591;0
10-10-2019;06:21:37;CASH_IN;183074.81;N/A;C905080434;0
10-10-2019;06:22:07;TRANSFER;4617.63;C249177573;C1026483832;0
10-10-2019;06:26:30;TRANSFER;699928.86;C1026483832;C1231006815;0
10-10-2019;06:31:12;TRANSFER;19772.53;C905080434;C1231006815;0
10-10-2019;06:31:50;TRANSFER;2134.11;C1900366749;C2048537720;0
10-10-2019;06:33:50;TRANSFER;2763.95;C154988899;C2048537720;0
10-10-2019;06:36:11;CASH_IN;21670.38;N/A;C1026483832;0
10-10-2019;06:37:12;TRANSFER;10287.6;C2048537720;C1231006815;0
10-10-2019;06:40:48;CASH_IN;170207.14;N/A;C90045638;0
10-10-2019;06:41:38;TRANSFER;31922.09;C1237762639;C1912850431;0
10-10-2019;06:46:21;CASH_OUT;124832.65;C1900366749;N/A;0
10-10-2019;06:50:03;TRANSFER;12960.72;C1716932897;C90045638;0
10-10-2019;06:51:34;TRANSFER;4852.65;C1716932897;C1912850431;0
10-10-2019;06:55:03;TRANSFER;9533.48;C2048537720;C1026483832;0
10-10-2019;06:55:58;CASH_OUT;333946.96;C90045638;N/A;0
10-10-2019;06:55:58;CASH_IN;42922.81;N/A;C1912850431;0
10-10-2019;07:01:17;CASH_OUT;315325.25;C1900366749;N/A;0
10-10-2019;07:01:58;TRANSFER;412906.88;C1648232591;C1265012928;0
10-10-2019;07:04:45;TRANSFER;1089.31;C840083671;C154988899;0
10-10-2019;07:05:24;CASH_IN;343189.13;N/A;C1912850431;0
10-10-2019;07:12:25;TRANSFER;109552.96;C1666544295;C2048537720;0
10-10-2019;07:13:15;TRANSFER;373185.07;C1900366749;C840083671;0
10-10-2019;07:17:26;TRANSFER;3854.39;C1900366749;C1265012928;0
10-10-2019;07:20:29;TRANSFER;5134.7;C2048537720;C1305486145;0
10-10-2019;07:20:33;TRANSFER;102.37;C1912850431;C1231006815;0
10-10-2019;07:25:27;TRANSFER;11679.19;C1900366749;C905080434;0
10-10-2019;07:26:20;TRANSFER;7154.46;C1912850431;C1900366749;0
10-10-2019;07:27:37;TRANSFER;2691.57;C1716932897;C1305486145;0
10-10-2019;07:32:41;TRANSFER;3830.45;C1648232591;C1912850431;0
10-10-2019;07:34:03;TRANSFER;3903.48;C2048537720;C249177573;0
10-10-2019;07:38:34;TRANSFER;5375.2;C1666544295;C1900366749;0
10-10-2019;07:38:41;TRANSFER;1919.77;C761750706;C1231006815;0
10-10-2019;07:39:37;TRANSFER;6450.56;C1666544295;C154988899;0
10-10-2019;07:46:07;TRANSFER;413.4;C1231006815;C1912850431;0
10-10-2019;07:48:21;TRANSFER;413.84;C1900366749;C90045638;0
10-10-2019;07:48:38;TRANSFER;18625.28;C712410124;C1231006815;0
10-10-2019;07:53:23;CASH_OUT;139754.72;C905080434;N/A;0
10-10-2019;07:57:01;CASH_IN;300632.87;N/A;C1716932897;0
10-10-2019;07:57:37;TRANSFER;191177.92;C1912850431;C1912850431;0
10-10-2019;07:58:01;TRANSFER;11411.34;C1237762639;C1026483832;0
10-10-2019;08:02:00;TRANSFER;1737.12;C1237762639;C249177573;0
10-10-2019;08:02:53;TRANSFER;1380.95;C249177573;C761750706;0
10-10-2019;08:03:10;TRANSFER;23069.76;C1026483832;C905080434;0
10-10-2019;08:03:49;TRANSFER;4440.79;C1912850431;C1265012928;0
10-10-2019;08:04:50;TRANSFER;261.95;C1265012928;C1265012928;0
10-10-2019;08:05:54;TRANSFER;2635.06;C249177573;C1237762639;0
10-10-2019;08:08:15;TRANSFER;2186.58;C1900366749;C840083671;0
10-10-2019;08:10:56;CASH_IN;34918.59;N/A;C1237762639;0
10-10-2019;08:12:12;TRANSFER;8161.64;C154988899;C90045638;0
10-10-2019;08:14:46;TRANSFER;301298.69;C712410124;C249177573;0
10-10-2019;08:17:02;TRANSFER;4273.00;C1912850431;C1231006815;0
10-10-2019;08:18:28;TRANSFER;4099.91;C1648232591;C1231006815;0
10-10-2019;08:18:52;TRANSFER;13343.47;C1716932897;C154988899;0
10-10-2019;08:19:23;TRANSFER;682894.68;C2048537720;C1231006815;0
10-10-2019;08:21:54;TRANSFER;2650.82;C1912850431;C1305486145;0
10-10-2019;08:21:58;TRANSFER;443116.03;C154988899;C154988899;0
10-10-2019;08:25:12;CASH_OUT;204691.97;C1716932897;N/A;0
10-10-2019;08:25:44;TRANSFER;100362.16;C1900366749;C1912850431;0
10-10-2019;08:27:13;TRANSFER;205368.78;C712410124;C1237762639;0
10-10-2019;08:29:19;TRANSFER;5998.00;C1231006815;C1026483832;0
10-10-2019;08:30:33;TRANSFER;600581.61;C90045638;C905080434;0
10-10-2019;08:32:42;TRANSFER;2258388.15;C1237762639;C2048537720;1
10-10-2019;08:33:32;TRANSFER;569068.84;C154988899;C1026483832;0
10-10-2019;08:37:01;TRANSFER;8092.22;C1666544295;C1912850431;0
10-10-2019;08:39:20;CASH_IN;15000;N/A;C761750706;1
10-10-2019;08:40:45;TRANSFER;2786.6;C249177573;C712410124;0
10-10-2019;08:41:38;TRANSFER;353312.93;C1900366749;C1231006815;0
10-10-2019;08:43:32;TRANSFER;4504.48;C1666544295;C905080434;0
10-10-2019;08:44:02;CASH_IN;145095.94;N/A;C1231006815;0
10-10-2019;08:44:10;TRANSFER;892.53;C905080434;C761750706;0
10-10-2019;08:45:26;TRANSFER;2801.1;C1900366749;C154988899;0
10-10-2019;08:47:04;TRANSFER;2364.01;C905080434;C1237762639;0
10-10-2019;08:48:14;TRANSFER;8612.28;C1648232591;C712410124;0
10-10-2019;08:48:17;CASH_IN;18510.43;N/A;C1231006815;0
10-10-2019;08:50:57;TRANSFER;194.4;C1912850431;C1026483832;0
10-10-2019;08:57:42;TRANSFER;450.55;C761750706;C905080434;0
10-10-2019;08:59:37;TRANSFER;4170.82;C1231006815;C905080434;0
10-10-2019;09:02:49;TRANSFER;45864.43;C1912850431;C1305486145;0
10-10-2019;09:03:01;TRANSFER;1815.83;C1231006815;C1265012928;0
10-10-2019;09:03:17;TRANSFER;902485.36;C1231006815;C90045638;0
10-10-2019;09:05:28;TRANSFER;6077.94;C90045638;C90045638;0
10-10-2019;09:07:16;CASH_OUT;358124.44;C90045638;N/A;0
10-10-2019;09:08:08;TRANSFER;2918.83;C1900366749;C1648232591;0
10-10-2019;09:08:58;TRANSFER;5454.05;C761750706;C249177573;0
10-10-2019;09:11:45;TRANSFER;5085.47;C1648232591;C905080434;0
10-10-2019;09:12:21;TRANSFER;2380.21;C840083671;C154988899;0
10-10-2019;09:13:10;CASH_IN;15000;N/A;C761750706;1
10-10-2019;09:14:16;TRANSFER;4993.81;C1231006815;C90045638;0
10-10-2019;09:14:18;CASH_IN;199318.34;N/A;C1305486145;0
10-10-2019;09:15:15;TRANSFER;2020.04;C1666544295;C1305486145;0
10-10-2019;09:16:15;CASH_IN;270.78;N/A;C1231006815;0
10-10-2019;09:16:37;TRANSFER;3631.87;C1305486145;C1026483832;0
10-10-2019;09:20:05;TRANSFER;300.00;C1231006815;C1900366749;1
10-10-2019;09:22:50;TRANSFER;3776389.09;C1231006815;C1900366749;1
10-10-2019;09:25:56;TRANSFER;2725.19;C905080434;C1648232591;0
10-10-2019;09:26:05;CASH_IN;61858.19;N/A;C1026483832;0
10-10-2019;09:29:12;TRANSFER;351854.11;C1237762639;C1237762639;0
10-10-2019;09:30:01;TRANSFER;2073.2;C1666544295;C840083671;0
10-10-2019;09:30:05;TRANSFER;400.00;C1231006815;C1900366749;1
10-10-2019;09:34:50;TRANSFER;13525.15;C840083671;C1716932897;0
10-10-2019;09:35:11;TRANSFER;272.8;C2048537720;C1231006815;0
10-10-2019;09:38:05;TRANSFER;250.00;C1231006815;C1900366749;1
10-10-2019;09:39:31;TRANSFER;789419.02;C90045638;C761750706;0
10-10-2019;09:39:38;TRANSFER;1471.39;C712410124;C840083671;0
10-10-2019;09:42:12;TRANSFER;1548.73;C90045638;C712410124;0
10-10-2019;09:45:20;CASH_IN;298109.36;N/A;C1305486145;0
10-10-2019;09:46:33;TRANSFER;59531.87;C1648232591;C1026483832;0
10-10-2019;09:47:39;TRANSFER;3193.99;C712410124;C712410124;0
10-10-2019;09:51:24;CASH_IN;174413.77;N/A;C1912850431;0
10-10-2019;09:52:33;TRANSFER;1238.08;C1666544295;C712410124;0
10-10-2019;09:57:04;TRANSFER;1628887.72;C1648232591;C1648232591;0
10-10-2019;09:57:12;TRANSFER;302151.25;C90045638;C1305486145;0
10-10-2019;09:58:04;TRANSFER;226.29;C712410124;C761750706;0
10-10-2019;10:01:56;TRANSFER;8782.48;C761750706;C1900366749;0
10-10-2019;10:05:55;TRANSFER;2261.24;C1648232591;C1648232591;0
10-10-2019;10:09:44;CASH_IN;404167.6;N/A;C1912850431;0
10-10-2019;10:10:43;CASH_OUT;286803.5;C90045638;N/A;0
10-10-2019;10:14:27;TRANSFER;75752.73;C1716932897;C154988899;0
10-10-2019;10:14:38;TRANSFER;1889.41;C1231006815;C1231006815;0
10-10-2019;10:15:55;CASH_IN;117257.18;N/A;C1648232591;0
10-10-2019;10:17:33;TRANSFER;7296.95;C1648232591;C249177573;0
10-10-2019;10:17:48;TRANSFER;2807.73;C1900366749;C761750706;0
10-10-2019;10:20:05;TRANSFER;250.00;C1231006815;C1900366749;1
10-10-2019;10:22:39;TRANSFER;3500.00;C90045638;C249177573;0
10-10-2019;10:29:59;CASH_IN;203148.34;N/A;C1026483832;0
10-10-2019;10:32:52;TRANSFER;3623.4;C905080434;C712410124;0
10-10-2019;10:36:09;TRANSFER;7648.78;C1305486145;C1231006815;0
10-10-2019;10:36:27;TRANSFER;3601.28;C712410124;C249177573;0
10-10-2019;10:36:58;TRANSFER;43023.82;C1231006815;C2048537720;0
10-10-2019;10:37:55;TRANSFER;12271.39;C1912850431;C1237762639;0
10-10-2019;10:40:55;TRANSFER;613.83;C1666544295;C905080434;0
10-10-2019;10:42:26;TRANSFER;13693.11;C761750706;C2048537720;0
10-10-2019;10:45:29;TRANSFER;7886.77;C1716932897;C1666544295;0
10-10-2019;10:46:46;TRANSFER;1335.03;C1666544295;C1666544295;0
10-10-2019;10:48:12;CASH_IN;414285.51;N/A;C1265012928;0
10-10-2019;10:59:34;CASH_IN;226031.29;N/A;C249177573;0
10-10-2019;11:00:16;TRANSFER;2850.6;C1666544295;C840083671;0
10-10-2019;11:01:36;CASH_OUT;129431.13;C90045638;N/A;0
10-10-2019;11:02:29;TRANSFER;6027.22;C712410124;C1900366749;0
10-10-2019;11:06:06;TRANSFER;233.76;C1648232591;C1900366749;0
10-10-2019;11:10:07;TRANSFER;273951.34;C1237762639;C1305486145;0
10-10-2019;11:10:59;TRANSFER;9642.19;C154988899;C761750706;0
10-10-2019;11:15:48;TRANSFER;6820.53;C1305486145;C1666544295;0
10-10-2019;11:17:18;CASH_IN;254286.27;N/A;C1265012928;0
10-10-2019;11:21:57;CASH_IN;245041.35;N/A;C1305486145;0
10-10-2019;11:23:04;TRANSFER;3014.72;C1265012928;C1648232591;0
10-10-2019;11:24:58;CASH_IN;15000;N/A;C761750706;1
10-10-2019;11:25:05;TRANSFER;250.00;C1231006815;C1900366749;1
10-10-2019;11:30:32;CASH_IN;206955.99;N/A;C1231006815;0
10-10-2019;11:33:15;TRANSFER;249592.99;C90045638;C1666544295;0
10-10-2019;11:33:34;TRANSFER;5480.96;C761750706;C761750706;0
10-10-2019;11:34:12;TRANSFER;2223005.62;C90045638;C1305486145;1
10-10-2019;11:38:48;TRANSFER;8531.44;C1666544295;C1237762639;0
10-10-2019;11:41:38;TRANSFER;112401.53;C1900366749;C249177573;0
10-10-2019;11:43:14;TRANSFER;3399.54;C761750706;C1648232591;0
10-10-2019;11:45:33;TRANSFER;2869.11;C2048537720;C1026483832;0
10-10-2019;11:46:49;TRANSFER;6380.75;C1666544295;C1305486145;0
10-10-2019;11:49:23;CASH_OUT;151768.14;C1716932897;N/A;0
10-10-2019;11:53:12;TRANSFER;539430.95;C1912850431;C249177573;0
10-10-2019;11:55:40;TRANSFER;419757.69;C1912850431;C1231006815;0
10-10-2019;11:56:40;TRANSFER;6396.49;C1716932897;C2048537720;0
10-10-2019;11:57:46;CASH_IN;223744.8;N/A;C1305486145;0
10-10-2019;11:59:05;TRANSFER;250.00;C1231006815;C1900366749;1
10-10-2019;12:00:29;CASH_IN;15000;N/A;C761750706;1
10-10-2019;12:01:30;CASH_IN;157949.72;N/A;C90045638;0
10-10-2019;12:03:44;TRANSFER;3743.03;C1231006815;C840083671;0
10-10-2019;12:07:01;TRANSFER;13259.12;C1716932897;C1237762639;0
10-10-2019;12:07:58;CASH_OUT;153952.87;C1231006815;N/A;0
10-10-2019;12:13:25;TRANSFER;2743.55;C761750706;C1716932897;0
10-10-2019;12:13:54;TRANSFER;6891.56;C1648232591;C1026483832;0
10-10-2019;12:17:00;TRANSFER;1432.47;C1231006815;C154988899;0
10-10-2019;12:17:31;CASH_OUT;29587.32;C1265012928;N/A;0
10-10-2019;12:19:57;TRANSFER;1672.55;C905080434;C1912850431;0
10-10-2019;12:20:37;TRANSFER;2645.88;C761750706;C1237762639;0
10-10-2019;12:24:30;TRANSFER;5829.39;C1912850431;C761750706;0
10-10-2019;12:25:01;CASH_IN;15000;N/A;C761750706;1
10-10-2019;12:26:10;TRANSFER;598782.65;C1026483832;C1912850431;0
10-10-2019;12:28:47;TRANSFER;902505.61;C905080434;C1231006815;0
10-10-2019;12:32:25;CASH_OUT;38167.00;C1237762639;N/A;0
10-10-2019;12:34:48;CASH_IN;269736.99;N/A;C712410124;0
10-10-2019;12:34:49;CASH_IN;18513.77;N/A;C1231006815;0
10-10-2019;12:34:50;TRANSFER;6623.21;C1231006815;C1305486145;0
10-10-2019;12:35:39;TRANSFER;10707.6;C1900366749;C1912850431;0
10-10-2019;12:45:42;CASH_IN;229848.96;N/A;C840083671;0
10-10-2019;12:45:43;TRANSFER;3285.68;C1666544295;C840083671;0
10-10-2019;12:46:19;TRANSFER;9114.34;C905080434;C712410124;0
10-10-2019;12:47:29;CASH_IN;377287.8;N/A;C712410124;0
10-10-2019;12:48:32;CASH_IN;104335.07;N/A;C1026483832;0
10-10-2019;12:49:05;CASH_IN;44708.03;N/A;C2048537720;0
10-10-2019;12:54:52;TRANSFER;1088.94;C761750706;C761750706;0
10-10-2019;12:54:54;TRANSFER;2685.44;C1231006815;C2048537720;0
10-10-2019;12:57:59;TRANSFER;11136.72;C1912850431;C1026483832;0
10-10-2019;12:59:56;TRANSFER;668237.36;C840083671;C1912850431;0
10-10-2019;13:00:06;TRANSFER;1849.56;C1716932897;C1900366749;0
10-10-2019;13:01:00;CASH_IN;62455.76;N/A;C1912850431;0
10-10-2019;13:15:35;TRANSFER;3269.57;C2048537720;C249177573;0
10-10-2019;13:20:47;CASH_IN;229982.47;N/A;C1026483832;0
10-10-2019;13:22:04;TRANSFER;3558.79;C1237762639;C905080434;0
10-10-2019;13:25:50;CASH_IN;51284.87;N/A;C1231006815;0
10-10-2019;13:26:47;TRANSFER;490341.11;C1666544295;C905080434;0
10-10-2019;13:26:47;CASH_IN;175443.85;N/A;C1231006815;0
10-10-2019;13:40:46;TRANSFER;68332.36;C154988899;C1026483832;0
10-10-2019;13:46:55;TRANSFER;133637.07;C1666544295;C1237762639;0
10-10-2019;13:47:44;TRANSFER;127920.4;C1666544295;C840083671;0
10-10-2019;13:54:09;TRANSFER;1534.54;C761750706;C1265012928;0
10-10-2019;13:54:47;TRANSFER;5601.3;C712410124;C1900366749;0
10-10-2019;13:56:47;TRANSFER;435589.96;C761750706;C1305486145;0
10-10-2019;13:57:15;TRANSFER;1056.64;C712410124;C2048537720;0
10-10-2019;13:58:15;CASH_IN;111549.83;N/A;C154988899;0
10-10-2019;13:58:55;TRANSFER;271.77;C1237762639;C1026483832;0
10-10-2019;14:00:14;TRANSFER;12617.81;C905080434;C905080434;0
10-10-2019;14:00:22;TRANSFER;8648.45;C1900366749;C1666544295;0
10-10-2019;14:04:01;CASH_IN;183816.31;N/A;C1912850431;0
10-10-2019;14:08:19;TRANSFER;3466.83;C154988899;C1237762639;0
10-10-2019;14:10:05;TRANSFER;250.00;C1231006815;C1900366749;1
10-10-2019;14:13:02;TRANSFER;271161.74;C1231006815;C2048537720;0
10-10-2019;14:15:09;TRANSFER;722161.86;C154988899;C1716932897;0
10-10-2019;14:16:12;TRANSFER;16709.74;C712410124;C1900366749;0
10-10-2019;14:17:35;CASH_IN;143405.8;N/A;C1716932897;0
10-10-2019;14:17:39;TRANSFER;223848.92;C1912850431;C712410124;0
10-10-2019;14:18:31;TRANSFER;660.52;C905080434;C249177573;0
10-10-2019;14:18:55;TRANSFER;12363.37;C1237762639;C905080434;0
10-10-2019;14:21:21;TRANSFER;1053.13;C1912850431;C1666544295;0
10-10-2019;14:26:04;TRANSFER;4898.07;C1900366749;C249177573;0
10-10-2019;14:28:42;TRANSFER;131033.44;C1237762639;C1026483832;0
10-10-2019;14:29:23;TRANSFER;2364.34;C1666544295;C1912850431;0
10-10-2019;14:30:43;CASH_IN;235288.68;N/A;C249177573;0
10-10-2019;14:35:48;CASH_IN;365914.64;N/A;C90045638;0
10-10-2019;14:36:25;TRANSFER;402.54;C90045638;C2048537720;0
10-10-2019;14:37:19;TRANSFER;2515.46;C1026483832;C1026483832;0
10-10-2019;14:38:04;TRANSFER;23.31;C840083671;C2048537720;0
10-10-2019;14:43:20;CASH_IN;46179.38;N/A;C1237762639;0
10-10-2019;14:44:42;TRANSFER;8818.07;C840083671;C1305486145;0
10-10-2019;14:48:05;TRANSFER;208376.61;C1231006815;C1026483832;0
10-10-2019;14:50:15;TRANSFER;3941.6;C1648232591;C712410124;0
10-10-2019;14:53:22;TRANSFER;11982.62;C1912850431;C90045638;0
10-10-2019;14:53:45;TRANSFER;2444.49;C1265012928;C1231006815;0
10-10-2019;14:55:29;TRANSFER;3364.48;C1237762639;C1716932897;0
10-10-2019;14:56:55;TRANSFER;2633.08;C712410124;C1231006815;0
10-10-2019;14:58:13;TRANSFER;139555.44;C761750706;C905080434;0
10-10-2019;15:20:05;TRANSFER;250.00;C1231006815;C1900366749;1
